Component,Instance Type,Units,Unit Cost (USD),Monthly Cost (USD),Notes
SFU Instances,c6i.2xlarge (8vCPU 16GB),25,$250.00,"$6,250.00","50-100 participants per instance"
TURN Instances,c6i.xlarge (4vCPU 8GB),10,$125.00,"$1,250.00","2000 concurrent allocations per instance"
Signaling Service,t3.medium (2vCPU 4GB),10,$30.00,$300.00,"5000 WebSocket connections per instance"
Orchestrator,t3.small (2vCPU 2GB),3,$15.00,$45.00,"Stateful service with etcd"
Recording Workers,c6i.xlarge (4vCPU 8GB),5,$125.00,$625.00,"On-demand for recording"
Load Balancers,Network Load Balancer,5,$20.00,$100.00,"One per region"
Data Transfer (Egress),Per GB,500000,$0.09,"$45,000.00","Largest cost component"
S3 Storage (Recordings),Per GB,10000,$0.023,$230.00,"30-day retention"
RDS PostgreSQL,db.t3.large,1,$200.00,$200.00,"Multi-AZ for HA"
ElastiCache Redis,cache.t3.medium,3,$50.00,$150.00,"Session state and pub/sub"
etcd Cluster,t3.small,3,$15.00,$45.00,"Orchestrator coordination"
CloudWatch/Monitoring,Flat rate,1,$500.00,$500.00,"Metrics and logs"
Route53 DNS,Hosted zones + queries,5,$50.00,$250.00,"GeoDNS routing"
Certificate Manager,Free,0,$0.00,$0.00,"TLS certificates"
NAT Gateways,Per AZ,15,$32.00,$480.00,"3 AZs × 5 regions"
VPC Flow Logs,Per GB,1000,$0.50,$500.00,"Network monitoring"
EKS Control Plane,Per cluster,5,$73.00,$365.00,"Kubernetes control plane"
Data Transfer (Inter-region),Per GB,5000,$0.02,$100.00,"Cross-region replication"
Backup Storage,S3 Glacier,5000,$0.004,$20.00,"Database backups"
,,,,,"="
Total Monthly Cost,,,,"$56,410.00","For 10K concurrent users"
,,,,,"="
Per User Cost,,,,$5.64,"Monthly cost per active user"
,,,,,"="
Optimizations,,,,"="
TURN Usage Reduction,Target <10% instead of 20%,,-,"($10,000.00)","Better UDP connectivity"
Spot Instances,Recording workers,,-,"($200.00)","70% discount on spot"
Reserved Instances,SFU baseline capacity,,-,"($1,250.00)","1-year commitment"
Bandwidth Optimization,Simulcast + active speaker,,-,"($5,000.00)","Reduce unnecessary streams"
Compression,Enable video compression,,-,"($2,000.00)","Better encoding"
,,,,,"="
Optimized Monthly Cost,,,,"$37,960.00","After optimizations"
Optimized Per User Cost,,,,$3.80,"32% reduction"
,,,,,"="
Scaling Projections,,,,"="
5K Users,50% capacity,,"$28,205.00","Linear scaling"
10K Users,100% capacity,,"$56,410.00","Current estimate"
20K Users,200% capacity,,"$112,820.00","Double infrastructure"
50K Users,500% capacity,,"$282,050.00","Economies of scale apply"
,,,,,"="
Cost Breakdown by Category,,,,"="
Compute (EC2/EKS),,"$9,060.00",16%,"Instances + EKS"
Network (Data Transfer),,"$45,100.00",80%,"Largest component"
Storage (S3/EBS),,"$250.00",0%,"Recordings"
Database (RDS/Redis),,"$395.00",1%,"State storage"
Monitoring,,"$500.00",1%,"CloudWatch"
Other,,"$1,105.00",2%,"DNS NAT etc"
,,,,,"="
Regional Distribution,,,,"="
us-east-1 (40% traffic),,"$22,564.00",40%,"North America"
eu-west-1 (30% traffic),,"$16,923.00",30%,"Europe"
ap-south-1 (15% traffic),,"$8,461.50",15%,"India"
ap-southeast-1 (10% traffic),,"$5,641.00",10%,"Singapore"
me-south-1 (5% traffic),,"$2,820.50",5%,"Middle East"
,,,,,"="
Cost Comparison,,,,"="
Current P2P Architecture,No server costs,$0.00,,"Client bandwidth only"
Managed Service (Twilio),Per minute,$0.004/min,"$288,000.00","10K users × 12 hrs/mo × $0.004"
Managed Service (Agora),Per minute,$0.0099/min,"$712,800.00","10K users × 12 hrs/mo × $0.0099"
Self-hosted SFU,This architecture,"$56,410.00",,"80% cheaper than managed"
,,,,,"="
ROI Analysis,,,,"="
Development Cost,8 weeks × 5 engineers,"$160,000.00",,"One-time cost"
Monthly Savings vs Twilio,,"$231,590.00",,"Managed - Self-hosted"
Break-even Point,0.7 months,,"Immediate ROI"
Annual Savings,,"$2,779,080.00",,"Significant savings"
,,,,,"="
Risk Factors,,,,"="
TURN Fallback Rate,If 30% instead of 10%,"+$10,000.00",,"Network quality dependent"
Traffic Spike,2x unexpected growth,"+$56,410.00",,"Need autoscaling headroom"
Recording Usage,If 50% of calls recorded,"+$5,000.00",,"Storage and compute"
Multi-region Latency,Cross-region traffic,"+$2,000.00",,"Inter-region data transfer"
,,,,,"="
Cost Optimization Strategies,,,,"="
1. UDP Optimization,Reduce TURN usage to <5%,"-$15,000.00","Aggressive NAT traversal"
2. Spot Instances,Use for all non-critical workloads,"-$3,000.00","70% discount"
3. Reserved Instances,3-year commitment,"-$3,750.00","Deeper discounts"
4. Bandwidth Optimization,Aggressive simulcast tuning,"-$8,000.00","Lower bitrates"
5. Storage Lifecycle,Move old recordings to Glacier,"-$150.00","Cheaper storage"
6. Right-sizing,Optimize instance types,"-$1,500.00","Better utilization"
,,,,,"="
Aggressive Optimization Total,,,,"$25,610.00","55% reduction from baseline"
,,,,,"="
Notes and Assumptions,,,,"="
Assumption,Value,,"="
Average concurrent users,10000,,"Peak capacity"
Average session duration,60 minutes,,"Per user per day"
Video bitrate (average),1 Mbps,,"With simulcast"
Audio bitrate,32 Kbps,,"Opus codec"
Streams per user,3,,"Active speaker + 2 others"
TURN fallback rate,20%,,"Worst case"
Recording rate,10%,,"Of all calls"
Retention period,30 days,,"For recordings"
Availability target,99.9%,,"Three nines"
Support hours,24/7,,"Global coverage"
